transaction_id,sender_account_id,receiver_account_id,amount,timestamp
T0171,A1094,A1116,567.47,2026-07-01T13:24:00
T0513,A1155,A1049,158.02,2026-07-01T18:09:00
T0494,A1190,A1001,209.48,2026-07-01T23:42:00
T0317,A1196,A1174,339.28,2026-07-02T02:29:00
T0223,A1138,A1088,385.19,2026-07-02T04:57:00
T0375,A1038,A1142,1023.04,2026-07-02T09:26:00
T0533,A1044,A1117,144.39,2026-07-02T09:49:00
T0239,A1118,A1026,329.98,2026-07-02T10:07:00
T0413,A1099,A1106,87.83,2026-07-02T12:19:00
T0065,A1122,A1053,465.54,2026-07-02T17:29:00
T0048,A1185,A1195,99.56,2026-07-02T18:10:00
T0080,A1157,A1123,197.72,2026-07-02T20:32:00
T0316,A1173,A1052,92.03,2026-07-03T03:48:00
T0037,A1143,A1118,276.27,2026-07-03T07:33:00
T0643,A1037,A1073,53.54,2026-07-03T09:41:00
T0553,A1092,A1191,150.23,2026-07-03T10:27:00
T0555,A1179,A1191,758.72,2026-07-03T17:35:00
T0459,A1187,A1160,33.69,2026-07-04T04:08:00
T0153,A1144,A1007,345.21,2026-07-04T07:25:00
T0015,A1009,A1044,75.6,2026-07-04T15:23:00
T0460,A1148,A1103,323.63,2026-07-04T16:04:00
T0362,A1118,A1012,78.34,2026-07-04T22:10:00
T0646,A1036,A1177,274.83,2026-07-05T06:59:00
T0431,A1095,A1131,459.4,2026-07-05T07:47:00
T0226,A1107,A1125,76.79,2026-07-05T07:54:00
T0133,A1184,A1178,164.93,2026-07-05T09:36:00
T0370,A1091,A1156,58.27,2026-07-05T12:25:00
T0271,A1089,A1065,1047.43,2026-07-05T17:10:00
T0679,A1010,A1142,79.07,2026-07-05T19:41:00
T0280,A1067,A1169,110.1,2026-07-05T20:25:00
T0502,A1086,A1140,334.65,2026-07-06T01:42:00
T0629,A1154,A1002,336.11,2026-07-06T06:14:00
T0281,A1100,A1146,212.79,2026-07-06T07:04:00
T0681,A1073,A1118,80.0,2026-07-06T07:09:00
T0192,A1130,A1048,329.15,2026-07-06T07:12:00
T0035,A1125,A1023,618.32,2026-07-06T09:32:00
T0036,A1116,A1033,187.69,2026-07-06T14:07:00
T0408,A1041,A1073,260.22,2026-07-06T23:30:00
T0503,A1041,A1099,656.47,2026-07-07T03:59:00
T0433,A1042,A1197,192.21,2026-07-07T07:01:00
T0270,A1114,A1002,105.24,2026-07-07T12:05:00
T0078,A1019,A1171,33.41,2026-07-07T12:28:00
T0334,A1013,A1162,2361.5,2026-07-07T19:34:00
T0435,A1108,A1026,98.17,2026-07-07T21:32:00
T0514,A1066,A1044,150.61,2026-07-07T22:07:00
T0063,A1096,A1172,217.12,2026-07-07T22:59:00
T0241,A1021,A1149,1077.27,2026-07-08T03:48:00
T0470,A1096,A1093,789.11,2026-07-08T10:02:00
T0031,A1020,A1134,132.23,2026-07-08T10:37:00
T0547,A1172,A1130,165.92,2026-07-08T11:17:00
T0094,A1189,A1035,895.15,2026-07-08T11:19:00
T0526,A1158,A1091,92.97,2026-07-08T11:27:00
T0550,A1156,A1146,31.03,2026-07-08T12:49:00
T0085,A1178,A1057,24.46,2026-07-08T16:06:00
T0152,A1106,A1181,563.05,2026-07-08T20:35:00
T0556,A1197,A1101,30.38,2026-07-09T00:10:00
T0634,A1146,A1190,49.7,2026-07-09T01:51:00
T0130,A1006,A1123,56.34,2026-07-09T03:33:00
T0441,A1027,A1074,364.1,2026-07-09T04:58:00
T0102,A1113,A1092,296.59,2026-07-09T06:42:00
T0651,A1025,A1080,168.62,2026-07-09T08:17:00
T0563,A1079,A1088,172.82,2026-07-09T11:38:00
T0359,A1084,A1060,253.09,2026-07-09T12:47:00
T0257,A1126,A1138,94.64,2026-07-09T13:10:00
T0178,A1185,A1179,387.65,2026-07-09T15:13:00
T0425,A1129,A1040,131.82,2026-07-09T16:51:00
T0703,A1116,A1191,1299.87,2026-07-09T19:26:00
T0580,A1003,A1031,25.61,2026-07-09T21:15:00
T0238,A1044,A1007,222.81,2026-07-09T22:55:00
T0625,A1124,A1176,1237.75,2026-07-10T00:19:00
T0432,A1075,A1166,60.81,2026-07-10T01:37:00
T0485,A1129,A1175,153.11,2026-07-10T02:22:00
T0386,A1183,A1168,117.28,2026-07-10T04:51:00
T0011,A1013,A1025,106.35,2026-07-10T11:38:00
T0181,A1108,A1177,85.45,2026-07-10T15:45:00
T0275,A1018,A1008,107.4,2026-07-10T20:46:00
T0388,A1162,A1074,205.13,2026-07-11T00:15:00
T0665,A1163,A1189,31.07,2026-07-11T01:14:00
T0134,A1181,A1029,51.74,2026-07-11T06:54:00
T0297,A1179,A1159,358.22,2026-07-11T13:48:00
T0367,A1122,A1107,632.88,2026-07-11T14:58:00
T0717,A1076,A1129,260.11,2026-07-11T16:40:00
T0355,A1026,A1130,275.43,2026-07-11T17:03:00
T0687,A1182,A1041,276.0,2026-07-11T17:23:00
T0142,A1080,A1152,131.43,2026-07-11T17:32:00
T0025,A1167,A1092,256.1,2026-07-12T02:15:00
T0380,A1114,A1022,544.2,2026-07-12T03:19:00
T0216,A1081,A1069,663.96,2026-07-12T04:50:00
T0234,A1137,A1091,115.07,2026-07-12T05:57:00
T0180,A1113,A1002,49.76,2026-07-12T07:26:00
T0233,A1197,A1149,158.67,2026-07-12T07:45:00
T0004,A1081,A1122,361.58,2026-07-12T10:14:00
T0348,A1054,A1187,34.37,2026-07-12T13:03:00
T0589,A1160,A1015,943.13,2026-07-12T18:52:00
T0264,A1044,A1096,62.12,2026-07-12T22:11:00
T0530,A1130,A1071,89.27,2026-07-13T00:09:00
T0339,A1040,A1125,1659.86,2026-07-13T02:41:00
T0710,A1066,A1134,253.44,2026-07-13T03:21:00
T0259,A1000,A1084,441.75,2026-07-13T05:03:00
T0347,A1103,A1004,32.63,2026-07-13T06:37:00
T0017,A1074,A1009,208.46,2026-07-13T13:09:00
T0110,A1126,A1152,260.38,2026-07-13T15:58:00
T0565,A1002,A1000,212.39,2026-07-13T17:45:00
T0443,A1169,A1007,163.58,2026-07-13T17:55:00
T0262,A1101,A1150,67.54,2026-07-13T18:04:00
T0248,A1140,A1122,63.26,2026-07-13T19:47:00
T0621,A1039,A1024,52.57,2026-07-13T22:21:00
T0188,A1098,A1089,573.8,2026-07-14T01:27:00
T0324,A1014,A1153,141.34,2026-07-14T01:40:00
T0148,A1165,A1044,216.49,2026-07-14T02:28:00
T0464,A1093,A1128,661.3,2026-07-14T02:38:00
T0260,A1087,A1183,23.25,2026-07-14T05:26:00
T0481,A1123,A1043,79.51,2026-07-14T07:45:00
T0691,A1144,A1168,378.24,2026-07-14T11:53:00
T0548,A1097,A1157,66.59,2026-07-14T12:25:00
T0406,A1108,A1003,187.35,2026-07-14T13:28:00
T0540,A1060,A1142,149.18,2026-07-14T14:36:00
T0107,A1043,A1035,104.7,2026-07-14T14:47:00
T0630,A1078,A1134,32.53,2026-07-14T22:45:00
T0213,A1029,A1058,52.9,2026-07-14T23:51:00
T0336,A1135,A1076,56.76,2026-07-15T01:22:00
T0200,A1102,A1021,303.21,2026-07-15T05:32:00
T0420,A1065,A1001,66.14,2026-07-15T10:10:00
T0211,A1014,A1127,377.26,2026-07-15T15:38:00
T0587,A1152,A1039,141.27,2026-07-15T16:29:00
T0689,A1098,A1186,500.44,2026-07-15T21:18:00
T0357,A1133,A1051,119.11,2026-07-15T22:20:00
T0314,A1045,A1121,226.37,2026-07-16T05:12:00
T0206,A1030,A1003,594.54,2026-07-16T05:53:00
T0478,A1131,A1010,394.96,2026-07-16T11:22:00
T0292,A1146,A1173,729.09,2026-07-16T13:10:00
T0639,A1088,A1152,572.79,2026-07-16T17:44:00
T0558,A1113,A1160,46.47,2026-07-16T20:41:00
T0624,A1187,A1019,1147.15,2026-07-17T01:42:00
T0205,A1014,A1079,414.12,2026-07-17T07:42:00
T0702,A1177,A1179,387.21,2026-07-17T11:34:00
T0081,A1135,A1184,839.87,2026-07-17T15:36:00
T0693,A1186,A1196,547.22,2026-07-17T18:44:00
T0330,A1066,A1185,1675.95,2026-07-17T23:55:00
T0076,A1090,A1043,46.1,2026-07-18T02:03:00
T0698,A1160,A1142,359.98,2026-07-18T03:47:00
T0574,A1159,A1125,34.18,2026-07-18T06:11:00
T0019,A1041,A1187,163.7,2026-07-18T06:45:00
T0417,A1075,A1114,31.47,2026-07-18T08:27:00
T0245,A1101,A1127,88.07,2026-07-18T08:50:00
T0390,A1184,A1104,31.83,2026-07-18T09:41:00
T0572,A1166,A1190,194.01,2026-07-18T10:41:00
T0256,A1178,A1091,231.07,2026-07-18T11:12:00
T0047,A1058,A1063,166.17,2026-07-18T11:44:00
T0278,A1111,A1040,57.28,2026-07-18T15:01:00
T0591,A1193,A1088,457.96,2026-07-18T21:32:00
T0416,A1139,A1189,397.53,2026-07-18T22:42:00
T0506,A1152,A1014,276.43,2026-07-19T16:38:00
T0660,A1167,A1035,279.48,2026-07-19T17:57:00
T0201,A1071,A1021,92.36,2026-07-19T19:53:00
T0060,A1142,A1135,78.56,2026-07-19T20:11:00
T0066,A1054,A1048,58.95,2026-07-19T22:45:00
T0659,A1039,A1109,94.93,2026-07-20T03:40:00
T0283,A1160,A1153,173.4,2026-07-20T04:05:00
T0706,A1120,A1034,109.2,2026-07-20T10:24:00
T0197,A1018,A1004,209.54,2026-07-20T23:17:00
T0064,A1048,A1194,284.37,2026-07-21T02:04:00
T0186,A1038,A1105,257.26,2026-07-21T02:34:00
T0400,A1080,A1182,447.21,2026-07-21T02:47:00
T0623,A1076,A1023,238.31,2026-07-21T02:59:00
T0319,A1181,A1164,548.86,2026-07-21T04:41:00
T0157,A1193,A1010,399.98,2026-07-21T05:24:00
T0384,A1052,A1167,140.48,2026-07-21T14:58:00
T0331,A1174,A1085,253.05,2026-07-21T15:52:00
T0315,A1066,A1191,95.92,2026-07-21T19:45:00
T0414,A1190,A1064,546.34,2026-07-21T20:43:00
T0670,A1099,A1125,170.6,2026-07-21T22:18:00
T0512,A1149,A1089,43.58,2026-07-21T22:21:00
T0507,A1168,A1132,256.1,2026-07-22T10:05:00
T0010,A1012,A1171,441.71,2026-07-22T12:38:00
T0222,A1062,A1038,42.84,2026-07-22T12:59:00
T0451,A1124,A1084,85.4,2026-07-22T16:20:00
T0290,A1133,A1107,1037.87,2026-07-22T18:46:00
T0303,A1009,A1101,489.16,2026-07-22T22:59:00
T0225,A1186,A1078,42.43,2026-07-23T00:17:00
T0323,A1166,A1076,59.47,2026-07-23T04:56:00
T0009,A1035,A1027,290.98,2026-07-23T09:39:00
T0585,A1111,A1083,228.94,2026-07-23T11:02:00
T0084,A1020,A1095,772.32,2026-07-23T11:17:00
T0099,A1097,A1021,349.18,2026-07-23T18:22:00
T0002,A1164,A1177,82.21,2026-07-23T18:31:00
T0673,A1157,A1125,2022.42,2026-07-23T19:06:00
T0158,A1108,A1026,579.36,2026-07-23T20:44:00
T0167,A1033,A1063,73.53,2026-07-23T20:47:00
T0022,A1024,A1047,875.1,2026-07-23T21:52:00
T0236,A1178,A1154,130.05,2026-07-23T22:14:00
T0249,A1107,A1051,601.65,2026-07-24T00:16:00
T0525,A1061,A1067,95.77,2026-07-24T01:28:00
T0592,A1005,A1176,84.11,2026-07-24T03:39:00
T0351,A1012,A1169,161.41,2026-07-24T08:06:00
T0448,A1036,A1041,43.73,2026-07-24T08:07:00
T0543,A1124,A1076,86.21,2026-07-24T11:30:00
T0492,A1194,A1178,225.94,2026-07-24T12:00:00
T0360,A1130,A1019,275.81,2026-07-24T15:00:00
T0622,A1067,A1093,438.78,2026-07-24T15:46:00
T0007,A1182,A1020,112.2,2026-07-24T16:12:00
T0655,A1060,A1128,119.47,2026-07-24T18:54:00
T0237,A1091,A1101,193.35,2026-07-25T00:20:00
T0024,A1084,A1077,250.68,2026-07-25T03:22:00
T0356,A1027,A1127,94.34,2026-07-25T06:31:00
T0458,A1155,A1020,47.2,2026-07-25T07:02:00
T0361,A1164,A1059,6.86,2026-07-25T08:59:00
T0466,A1010,A1056,322.74,2026-07-25T09:29:00
T0482,A1149,A1196,36.22,2026-07-25T09:51:00
T0637,A1146,A1050,190.16,2026-07-25T13:38:00
T0023,A1001,A1066,125.46,2026-07-25T15:15:00
T0062,A1023,A1137,289.71,2026-07-25T18:27:00
T0535,A1156,A1066,86.91,2026-07-25T20:31:00
T0089,A1084,A1144,385.45,2026-07-26T00:12:00
T0648,A1158,A1069,45.3,2026-07-26T00:41:00
T0008,A1191,A1122,73.44,2026-07-26T01:21:00
T0301,A1124,A1146,218.58,2026-07-26T09:39:00
T0496,A1166,A1149,146.38,2026-07-26T09:58:00
T0305,A1005,A1086,393.15,2026-07-26T20:25:00
T0321,A1149,A1026,233.34,2026-07-27T01:31:00
T0557,A1167,A1099,116.56,2026-07-27T04:47:00
T0571,A1061,A1132,959.24,2026-07-27T05:53:00
T0299,A1025,A1027,202.87,2026-07-27T08:58:00
T0198,A1010,A1015,646.46,2026-07-27T09:50:00
T0040,A1015,A1017,873.65,2026-07-27T11:09:00
T0006,A1088,A1197,375.95,2026-07-27T12:20:00
T0164,A1137,A1043,64.76,2026-07-27T16:03:00
T0712,A1126,A1046,424.44,2026-07-27T18:34:00
T0449,A1049,A1029,155.31,2026-07-27T18:56:00
T0551,A1041,A1087,90.96,2026-07-27T20:28:00
T0649,A1169,A1168,137.57,2026-07-27T22:57:00
T0705,A1017,A1194,136.4,2026-07-27T23:42:00
T0027,A1197,A1079,444.31,2026-07-28T04:31:00
T0444,A1191,A1100,68.84,2026-07-28T11:06:00
T0045,A1100,A1135,1898.41,2026-07-28T11:47:00
T0583,A1140,A1133,51.59,2026-07-28T12:46:00
T0618,A1008,A1072,253.03,2026-07-28T19:22:00
T0654,A1125,A1100,293.97,2026-07-28T20:26:00
T0564,A1113,A1078,131.88,2026-07-28T23:09:00
T0177,A1170,A1166,69.58,2026-07-29T03:23:00
T0716,A1051,A1176,30.19,2026-07-29T08:20:00
T0101,A1099,A1081,138.37,2026-07-29T09:25:00
T0692,A1045,A1196,336.87,2026-07-29T12:09:00
T0144,A1172,A1180,288.51,2026-07-29T20:09:00
T0522,A1087,A1019,201.72,2026-07-29T21:39:00
T0614,A1086,A1168,154.78,2026-07-30T00:27:00
T0528,A1138,A1010,465.18,2026-07-30T01:02:00
T0519,A1007,A1123,266.95,2026-07-30T01:43:00
T0454,A1149,A1039,214.84,2026-07-30T03:02:00
T0709,A1154,A1180,70.78,2026-07-30T03:22:00
T0452,A1025,A1072,1402.09,2026-07-30T06:12:00
T0423,A1146,A1140,58.3,2026-07-30T06:22:00
T0268,A1036,A1084,312.72,2026-07-30T09:59:00
T0638,A1198,A1110,147.18,2026-07-30T12:39:00
T0601,A1039,A1156,95.83,2026-07-30T15:28:00
T0341,A1098,A1001,144.34,2026-07-30T15:53:00
T0173,A1016,A1136,542.33,2026-07-30T17:18:00
T0684,A1149,A1178,205.23,2026-07-30T18:36:00
T0546,A1137,A1044,568.22,2026-07-30T22:10:00
T0559,A1007,A1008,1342.57,2026-07-30T22:24:00
T0295,A1017,A1022,130.9,2026-07-31T00:26:00
T0072,A1148,A1184,152.34,2026-07-31T08:36:00
T0577,A1127,A1095,133.52,2026-07-31T09:26:00
T0018,A1129,A1119,23.44,2026-07-31T10:23:00
T0377,A1042,A1019,339.63,2026-07-31T10:51:00
T0135,A1173,A1042,191.37,2026-07-31T11:03:00
T0426,A1089,A1056,1269.79,2026-07-31T11:13:00
T0700,A1008,A1170,252.31,2026-07-31T11:19:00
T0436,A1191,A1175,60.01,2026-07-31T12:38:00
T0653,A1005,A1010,71.67,2026-07-31T16:41:00
T0714,A1030,A1188,775.77,2026-07-31T17:10:00
T0690,A1096,A1140,74.37,2026-07-31T20:14:00
T0269,A1042,A1162,486.03,2026-07-31T21:27:00
T0095,A1128,A1190,92.2,2026-08-01T08:02:00
T0397,A1177,A1195,87.85,2026-08-01T12:59:00
T0288,A1068,A1144,246.46,2026-08-01T15:01:00
T0129,A1197,A1173,244.01,2026-08-01T17:35:00
T0401,A1051,A1053,243.04,2026-08-01T18:18:00
T0594,A1178,A1125,93.56,2026-08-01T23:29:00
T0409,A1176,A1075,59.52,2026-08-02T23:33:00
T0456,A1070,A1092,601.74,2026-08-02T23:40:00
T0465,A1114,A1040,394.08,2026-08-02T23:48:00
T0667,A1059,A1152,41.4,2026-08-03T00:49:00
T0068,A1119,A1136,260.31,2026-08-03T01:39:00
T0210,A1147,A1160,47.52,2026-08-03T02:42:00
T0311,A1134,A1145,81.64,2026-08-03T03:15:00
T0194,A1152,A1018,1585.61,2026-08-03T04:49:00
T0534,A1172,A1053,143.01,2026-08-03T05:55:00
T0474,A1164,A1071,97.93,2026-08-03T07:17:00
T0461,A1141,A1066,145.49,2026-08-03T15:08:00
T0596,A1141,A1041,111.85,2026-08-03T17:58:00
T0219,A1079,A1083,48.76,2026-08-03T21:54:00
T0286,A1067,A1023,267.82,2026-08-04T02:30:00
T0061,A1084,A1165,48.45,2026-08-04T02:37:00
T0332,A1190,A1078,53.91,2026-08-04T03:57:00
T0176,A1070,A1023,256.4,2026-08-04T04:18:00
T0304,A1012,A1190,169.84,2026-08-04T05:36:00
T0309,A1104,A1189,170.34,2026-08-04T08:49:00
T0483,A1042,A1185,215.04,2026-08-04T18:12:00
T0378,A1071,A1012,184.82,2026-08-04T19:08:00
T0272,A1098,A1112,661.41,2026-08-04T19:18:00
T0086,A1167,A1166,294.19,2026-08-04T20:30:00
T0046,A1118,A1172,345.72,2026-08-04T20:32:00
T0369,A1123,A1145,261.58,2026-08-04T21:34:00
T0067,A1101,A1061,267.99,2026-08-04T23:34:00
T0106,A1143,A1062,208.85,2026-08-04T23:43:00
T0412,A1178,A1073,254.74,2026-08-05T01:34:00
T0579,A1046,A1049,445.04,2026-08-05T01:34:00
T0335,A1120,A1049,181.12,2026-08-05T01:46:00
T0182,A1026,A1080,130.16,2026-08-05T04:04:00
T0150,A1091,A1002,174.19,2026-08-05T06:44:00
T0374,A1063,A1123,79.48,2026-08-05T08:46:00
T0325,A1184,A1006,88.51,2026-08-05T16:11:00
T0251,A1124,A1088,746.72,2026-08-05T16:25:00
T0656,A1099,A1007,88.03,2026-08-06T02:11:00
T0005,A1146,A1173,366.42,2026-08-06T05:52:00
T0137,A1161,A1047,37.45,2026-08-06T08:09:00
T0463,A1074,A1034,159.06,2026-08-06T10:47:00
T0083,A1134,A1064,376.54,2026-08-06T11:02:00
T0320,A1119,A1077,1015.56,2026-08-06T11:35:00
T0499,A1064,A1078,324.7,2026-08-06T13:43:00
T0509,A1000,A1040,67.63,2026-08-06T16:34:00
T0365,A1159,A1068,348.7,2026-08-06T19:30:00
T0302,A1103,A1036,339.84,2026-08-06T21:34:00
T0438,A1058,A1066,134.86,2026-08-07T03:31:00
T0136,A1143,A1109,501.13,2026-08-07T04:50:00
T0103,A1047,A1110,147.8,2026-08-07T11:23:00
T0247,A1158,A1157,96.96,2026-08-07T20:00:00
T0381,A1127,A1190,241.33,2026-08-07T20:46:00
T0475,A1154,A1183,895.56,2026-08-08T01:44:00
T0607,A1015,A1092,902.07,2026-08-08T04:39:00
T0056,A1171,A1097,369.69,2026-08-08T05:28:00
T0059,A1036,A1118,914.9,2026-08-08T05:52:00
T0307,A1113,A1198,386.85,2026-08-08T06:27:00
T0404,A1122,A1149,259.05,2026-08-08T07:59:00
T0195,A1081,A1033,53.91,2026-08-08T15:23:00
T0541,A1189,A1038,171.77,2026-08-08T16:49:00
T0120,A1077,A1061,109.0,2026-08-08T20:20:00
T0536,A1120,A1156,129.43,2026-08-08T22:07:00
T0495,A1096,A1167,151.1,2026-08-09T02:46:00
T0612,A1147,A1091,492.42,2026-08-09T04:57:00
T0054,A1151,A1188,1188.94,2026-08-09T05:14:00
T0418,A1044,A1188,187.0,2026-08-09T08:05:00
T0632,A1187,A1100,207.44,2026-08-09T15:34:00
T0394,A1001,A1135,445.85,2026-08-09T17:29:00
T0627,A1097,A1020,16.94,2026-08-09T20:45:00
T0455,A1109,A1043,28.7,2026-08-10T00:43:00
T0203,A1166,A1174,256.97,2026-08-10T03:42:00
T0364,A1029,A1024,262.2,2026-08-10T04:12:00
T0132,A1052,A1133,170.21,2026-08-10T05:11:00
T0672,A1171,A1051,289.02,2026-08-10T07:37:00
T0552,A1181,A1068,242.74,2026-08-10T19:53:00
T0313,A1101,A1162,75.71,2026-08-10T22:31:00
T0049,A1061,A1052,28.93,2026-08-10T23:15:00
T0042,A1165,A1107,24.81,2026-08-11T03:50:00
T0392,A1106,A1011,351.29,2026-08-11T08:08:00
T0097,A1083,A1007,521.12,2026-08-11T08:14:00
T0274,A1147,A1166,318.95,2026-08-11T09:51:00
T0337,A1035,A1051,128.14,2026-08-11T11:31:00
T0231,A1100,A1179,419.08,2026-08-11T13:03:00
T0131,A1029,A1186,73.67,2026-08-11T18:41:00
T0154,A1070,A1057,194.52,2026-08-11T23:02:00
T0140,A1016,A1147,81.14,2026-08-11T23:32:00
T0227,A1059,A1133,43.15,2026-08-12T01:31:00
T0720,A1009,A1165,85.89,2026-08-12T06:14:00
T0243,A1032,A1023,133.1,2026-08-12T07:03:00
T0128,A1176,A1147,83.79,2026-08-12T11:34:00
T0467,A1094,A1059,538.08,2026-08-13T02:01:00
T0578,A1020,A1192,299.53,2026-08-13T03:03:00
T0333,A1066,A1149,16.75,2026-08-13T03:54:00
T0480,A1163,A1004,52.32,2026-08-13T05:49:00
T0252,A1069,A1046,25.25,2026-08-13T06:24:00
T0385,A1116,A1084,236.12,2026-08-13T09:34:00
T0719,A1007,A1044,723.22,2026-08-13T12:33:00
T0012,A1174,A1197,1620.64,2026-08-13T15:10:00
T0633,A1074,A1100,72.48,2026-08-13T15:31:00
T0340,A1157,A1111,264.22,2026-08-13T18:53:00
T0258,A1014,A1059,215.06,2026-08-13T20:10:00
T0476,A1084,A1184,23.35,2026-08-13T22:26:00
T0358,A1010,A1140,178.58,2026-08-14T02:01:00
T0498,A1142,A1123,51.57,2026-08-14T08:47:00
T0108,A1016,A1042,148.32,2026-08-14T09:49:00
T0603,A1033,A1045,401.8,2026-08-14T12:18:00
T0074,A1167,A1175,55.44,2026-08-14T19:24:00
T0003,A1071,A1142,559.89,2026-08-14T20:14:00
T0151,A1143,A1129,280.73,2026-08-15T02:11:00
T0566,A1088,A1073,170.66,2026-08-15T02:38:00
T0376,A1164,A1040,183.27,2026-08-15T11:10:00
T0267,A1156,A1056,235.18,2026-08-15T11:55:00
T0711,A1157,A1144,175.94,2026-08-15T15:19:00
T0393,A1117,A1168,245.18,2026-08-15T17:42:00
T0440,A1016,A1193,456.28,2026-08-16T02:27:00
T0343,A1187,A1063,125.67,2026-08-16T03:33:00
T0613,A1026,A1042,548.85,2026-08-16T06:31:00
T0312,A1180,A1050,20.01,2026-08-16T07:27:00
T0032,A1144,A1028,34.16,2026-08-16T08:15:00
T0155,A1144,A1190,454.59,2026-08-16T19:52:00
T0411,A1057,A1190,272.04,2026-08-16T20:07:00
T0447,A1088,A1054,117.89,2026-08-16T23:41:00
T0515,A1128,A1075,131.9,2026-08-17T01:17:00
T0473,A1123,A1154,157.44,2026-08-17T04:01:00
T0471,A1132,A1064,18.28,2026-08-17T08:01:00
T0291,A1121,A1076,376.66,2026-08-17T09:00:00
T0510,A1090,A1171,116.56,2026-08-17T11:01:00
T0353,A1002,A1077,154.77,2026-08-17T16:37:00
T0372,A1147,A1185,279.58,2026-08-17T22:44:00
T0609,A1077,A1019,192.48,2026-08-18T05:29:00
T0427,A1092,A1075,25.54,2026-08-18T14:53:00
T0562,A1162,A1144,132.06,2026-08-18T22:04:00
T0044,A1034,A1167,362.94,2026-08-19T05:39:00
T0057,A1104,A1038,118.19,2026-08-19T07:07:00
T0599,A1061,A1082,545.93,2026-08-19T09:22:00
T0043,A1096,A1020,454.79,2026-08-19T10:07:00
T0279,A1104,A1178,626.56,2026-08-19T11:55:00
T0429,A1159,A1062,623.91,2026-08-19T12:09:00
T0531,A1013,A1134,481.59,2026-08-19T13:19:00
T0039,A1018,A1011,116.29,2026-08-19T14:11:00
T0593,A1010,A1124,402.14,2026-08-19T17:37:00
T0090,A1011,A1019,279.39,2026-08-19T18:16:00
T0250,A1161,A1139,382.83,2026-08-19T21:31:00
T0616,A1110,A1185,120.79,2026-08-19T23:56:00
T0644,A1084,A1053,303.51,2026-08-20T01:40:00
T0445,A1173,A1186,221.15,2026-08-20T04:05:00
T0399,A1179,A1191,205.89,2026-08-20T04:42:00
T0073,A1058,A1097,210.96,2026-08-20T10:53:00
T0600,A1099,A1048,195.42,2026-08-20T12:41:00
T0053,A1172,A1082,146.7,2026-08-21T00:10:00
T0544,A1121,A1161,94.51,2026-08-21T01:51:00
T0610,A1168,A1063,1774.68,2026-08-21T03:53:00
T0511,A1003,A1188,245.58,2026-08-21T05:24:00
T0568,A1074,A1152,124.52,2026-08-21T08:32:00
T0410,A1115,A1026,332.57,2026-08-21T11:27:00
T0403,A1163,A1082,813.57,2026-08-21T12:19:00
T0383,A1154,A1158,1540.91,2026-08-21T12:26:00
T0070,A1120,A1194,123.28,2026-08-21T12:51:00
T0479,A1066,A1046,188.85,2026-08-21T15:12:00
T0092,A1101,A1019,81.72,2026-08-21T21:57:00
T0620,A1070,A1141,188.29,2026-08-22T08:42:00
T0658,A1156,A1160,311.73,2026-08-22T11:30:00
T0379,A1103,A1060,49.06,2026-08-22T11:48:00
T0146,A1036,A1130,112.04,2026-08-22T15:40:00
T0538,A1102,A1071,147.78,2026-08-22T18:03:00
T0626,A1152,A1164,50.45,2026-08-22T18:54:00
T0038,A1101,A1065,1523.33,2026-08-22T23:20:00
T0127,A1110,A1027,186.98,2026-08-23T04:09:00
T0450,A1171,A1017,105.64,2026-08-23T04:19:00
T0121,A1096,A1018,144.84,2026-08-23T07:55:00
T0034,A1133,A1113,78.6,2026-08-23T09:54:00
T0071,A1056,A1189,79.14,2026-08-23T11:50:00
T0518,A1086,A1198,157.91,2026-08-23T17:56:00
T0415,A1162,A1180,317.83,2026-08-23T21:20:00
T0695,A1001,A1155,425.99,2026-08-23T22:23:00
T0263,A1040,A1187,339.27,2026-08-23T22:34:00
T0368,A1033,A1178,347.95,2026-08-24T02:30:00
T0138,A1007,A1188,229.71,2026-08-24T05:41:00
T0116,A1100,A1093,39.42,2026-08-24T05:44:00
T0123,A1107,A1139,1136.62,2026-08-24T09:13:00
T0350,A1163,A1065,618.76,2026-08-24T09:26:00
T0163,A1052,A1015,232.75,2026-08-24T15:51:00
T0104,A1026,A1006,37.1,2026-08-24T16:00:00
T0595,A1082,A1187,119.49,2026-08-24T19:50:00
T0189,A1063,A1070,250.37,2026-08-25T00:54:00
T0696,A1168,A1121,156.14,2026-08-25T01:22:00
T0398,A1075,A1115,330.19,2026-08-25T04:14:00
T0028,A1094,A1157,168.05,2026-08-25T11:15:00
T0605,A1179,A1151,92.96,2026-08-25T11:43:00
T0395,A1149,A1123,24.71,2026-08-25T12:10:00
T0191,A1006,A1168,405.21,2026-08-25T13:51:00
T0277,A1019,A1140,128.1,2026-08-25T14:42:00
T0204,A1186,A1061,146.55,2026-08-25T18:00:00
T0396,A1082,A1129,554.71,2026-08-25T18:22:00
T0666,A1033,A1047,299.36,2026-08-26T01:43:00
T0428,A1121,A1143,67.83,2026-08-26T04:39:00
T0246,A1070,A1071,161.45,2026-08-26T05:32:00
T0718,A1175,A1085,67.05,2026-08-26T09:39:00
T0439,A1110,A1080,212.64,2026-08-26T14:48:00
T0697,A1153,A1001,68.41,2026-08-26T17:53:00
T0082,A1027,A1024,190.2,2026-08-26T17:55:00
T0111,A1077,A1001,570.2,2026-08-26T18:49:00
T0598,A1047,A1004,248.63,2026-08-26T18:50:00
T0642,A1021,A1028,309.8,2026-08-26T20:36:00
T0220,A1051,A1074,210.65,2026-08-27T00:20:00
T0604,A1049,A1025,123.75,2026-08-27T03:05:00
T0109,A1019,A1092,102.27,2026-08-27T05:24:00
T0570,A1099,A1096,106.95,2026-08-27T06:02:00
T0342,A1193,A1135,34.84,2026-08-27T09:01:00
T0477,A1053,A1151,209.19,2026-08-27T15:15:00
T0352,A1121,A1179,25.55,2026-08-27T16:56:00
T0549,A1042,A1163,399.27,2026-08-27T19:02:00
T0168,A1194,A1173,145.24,2026-08-27T21:30:00
T0161,A1150,A1176,74.22,2026-08-27T22:18:00
T0584,A1050,A1092,104.29,2026-08-27T22:36:00
T0615,A1140,A1083,492.59,2026-08-27T23:20:00
T0119,A1177,A1017,131.85,2026-08-27T23:32:00
T0169,A1068,A1160,137.61,2026-08-28T00:10:00
T0228,A1191,A1021,238.2,2026-08-28T08:01:00
T0193,A1061,A1126,139.07,2026-08-28T09:54:00
T0611,A1191,A1142,152.98,2026-08-28T11:05:00
T0606,A1183,A1018,525.27,2026-08-28T11:44:00
T0141,A1029,A1067,319.44,2026-08-28T12:09:00
T0715,A1089,A1143,350.56,2026-08-28T15:27:00
T0055,A1142,A1126,55.0,2026-08-28T21:20:00
T0590,A1124,A1059,88.33,2026-08-29T00:15:00
T0240,A1015,A1056,99.5,2026-08-29T00:20:00
T0125,A1090,A1042,234.35,2026-08-29T01:05:00
T0457,A1198,A1078,175.54,2026-08-29T02:13:00
T0569,A1111,A1101,39.96,2026-08-29T03:11:00
T0682,A1176,A1132,654.55,2026-08-29T03:25:00
T0686,A1051,A1116,63.61,2026-08-29T08:50:00
T0545,A1065,A1088,53.26,2026-08-29T10:02:00
T0184,A1036,A1017,189.76,2026-08-29T11:59:00
T0636,A1034,A1123,219.55,2026-08-29T16:51:00
T0628,A1106,A1030,408.84,2026-08-29T18:01:00
T0469,A1067,A1148,197.36,2026-08-29T19:58:00
T0300,A1137,A1088,434.39,2026-08-29T22:24:00
T0508,A1157,A1043,286.93,2026-08-29T22:54:00
T0328,A1091,A1129,119.1,2026-08-30T04:34:00
T0487,A1136,A1128,290.16,2026-08-30T08:27:00
T0098,A1125,A1058,124.95,2026-08-30T11:15:00
T0701,A1022,A1012,79.92,2026-08-30T11:48:00
T0285,A1029,A1078,453.37,2026-08-30T12:03:00
T0282,A1092,A1000,150.94,2026-08-30T14:12:00
T0261,A1198,A1028,635.41,2026-08-30T14:27:00
T0229,A1100,A1019,212.95,2026-08-30T15:07:00
T0124,A1163,A1021,73.81,2026-08-30T20:02:00
T0079,A1181,A1038,101.88,2026-08-31T00:32:00
T0021,A1193,A1049,185.24,2026-08-31T06:00:00
T0327,A1056,A1175,237.27,2026-08-31T11:43:00
T0631,A1083,A1128,268.71,2026-08-31T15:34:00
T0020,A1003,A1188,121.1,2026-08-31T17:15:00
T0183,A1198,A1192,1080.76,2026-08-31T23:13:00
T0657,A1168,A1035,57.3,2026-09-01T01:06:00
T0165,A1146,A1068,890.01,2026-09-01T03:57:00
T0179,A1180,A1024,79.73,2026-09-01T05:26:00
T0001,A1139,A1090,1759.26,2026-09-01T07:06:00
T0581,A1133,A1170,864.24,2026-09-01T08:38:00
T0293,A1054,A1049,59.19,2026-09-01T12:18:00
T0434,A1053,A1171,238.73,2026-09-01T17:17:00
T0345,A1133,A1152,193.64,2026-09-01T20:17:00
T0586,A1002,A1010,282.23,2026-09-01T23:50:00
T0708,A1161,A1135,908.36,2026-09-02T00:23:00
T0619,A1001,A1076,44.84,2026-09-02T02:42:00
T0190,A1153,A1184,414.9,2026-09-02T04:22:00
T0122,A1102,A1136,207.57,2026-09-02T07:03:00
T0147,A1098,A1108,41.02,2026-09-02T10:49:00
T0145,A1030,A1061,119.61,2026-09-02T10:50:00
T0453,A1124,A1115,75.82,2026-09-02T10:52:00
T0516,A1065,A1137,636.94,2026-09-02T12:29:00
T0402,A1172,A1033,878.17,2026-09-02T12:44:00
T0170,A1196,A1023,92.47,2026-09-02T13:36:00
T0114,A1051,A1122,559.94,2026-09-02T14:09:00
T0113,A1166,A1152,71.81,2026-09-02T14:53:00
T0647,A1065,A1043,70.02,2026-09-02T17:35:00
T0560,A1121,A1119,89.09,2026-09-02T19:58:00
T0573,A1017,A1046,156.49,2026-09-03T02:12:00
T0199,A1160,A1182,180.55,2026-09-03T05:07:00
T0087,A1096,A1141,160.72,2026-09-03T07:23:00
T0026,A1119,A1078,28.03,2026-09-03T08:56:00
T0676,A1146,A1152,213.99,2026-09-03T10:09:00
T0235,A1023,A1040,384.28,2026-09-03T11:27:00
T0688,A1180,A1115,231.46,2026-09-03T17:04:00
T0058,A1121,A1061,424.12,2026-09-03T17:43:00
T0493,A1122,A1196,148.37,2026-09-03T21:09:00
T0650,A1166,A1098,85.48,2026-09-03T22:20:00
T0322,A1076,A1175,416.67,2026-09-04T01:24:00
T0505,A1098,A1102,270.73,2026-09-04T02:31:00
T0209,A1068,A1187,118.52,2026-09-04T04:05:00
T0652,A1047,A1050,180.37,2026-09-04T04:24:00
T0685,A1115,A1006,46.91,2026-09-04T04:46:00
T0091,A1144,A1168,328.86,2026-09-04T04:56:00
T0318,A1057,A1064,4694.11,2026-09-04T05:00:00
T0326,A1188,A1009,410.89,2026-09-04T06:22:00
T0662,A1037,A1167,88.74,2026-09-04T19:38:00
T0215,A1167,A1107,95.99,2026-09-04T21:29:00
T0207,A1127,A1088,215.9,2026-09-04T22:32:00
T0069,A1131,A1127,133.91,2026-09-05T02:08:00
T0212,A1065,A1197,36.39,2026-09-05T02:56:00
T0014,A1022,A1166,236.64,2026-09-05T03:40:00
T0244,A1012,A1043,649.74,2026-09-05T06:32:00
T0504,A1067,A1056,102.13,2026-09-05T06:40:00
T0105,A1153,A1083,92.15,2026-09-05T07:26:00
T0446,A1021,A1078,26.29,2026-09-05T09:50:00
T0617,A1054,A1096,155.02,2026-09-05T10:39:00
T0373,A1176,A1179,257.39,2026-09-05T11:23:00
T0663,A1030,A1047,13.37,2026-09-05T12:19:00
T0294,A1111,A1051,389.67,2026-09-05T12:22:00
T0575,A1026,A1072,44.82,2026-09-05T12:23:00
T0117,A1139,A1046,359.91,2026-09-05T12:37:00
T0344,A1150,A1078,110.48,2026-09-05T13:58:00
T0641,A1059,A1051,262.36,2026-09-05T15:24:00
T0041,A1104,A1046,1291.33,2026-09-05T17:09:00
T0707,A1178,A1053,223.36,2026-09-05T18:06:00
T0645,A1133,A1192,80.81,2026-09-05T18:32:00
T0187,A1022,A1025,89.0,2026-09-05T18:43:00
T0276,A1018,A1087,72.73,2026-09-05T23:02:00
T0075,A1185,A1164,385.79,2026-09-06T00:45:00
T0597,A1116,A1000,469.22,2026-09-06T02:41:00
T0678,A1010,A1062,189.81,2026-09-06T06:00:00
T0524,A1174,A1048,179.61,2026-09-06T06:34:00
T0160,A1022,A1112,354.3,2026-09-06T11:20:00
T0224,A1085,A1000,366.91,2026-09-06T12:21:00
T0255,A1044,A1045,92.78,2026-09-06T12:24:00
T0363,A1074,A1092,382.13,2026-09-06T13:21:00
T0100,A1182,A1018,485.35,2026-09-06T15:48:00
T0050,A1153,A1172,259.7,2026-09-06T17:44:00
T0214,A1045,A1009,516.39,2026-09-06T18:00:00
T0329,A1142,A1046,92.25,2026-09-06T18:33:00
T0491,A1123,A1196,109.64,2026-09-06T19:35:00
T0468,A1116,A1011,246.74,2026-09-06T20:43:00
T0671,A1008,A1104,91.86,2026-09-06T21:43:00
T0675,A1097,A1184,78.79,2026-09-06T21:56:00
T0389,A1011,A1042,167.33,2026-09-06T22:02:00
T0371,A1016,A1066,680.43,2026-09-07T00:28:00
T0306,A1125,A1178,92.37,2026-09-07T00:41:00
T0554,A1032,A1186,97.97,2026-09-07T01:01:00
T0582,A1079,A1082,20.86,2026-09-07T02:52:00
T0664,A1007,A1195,560.41,2026-09-07T04:48:00
T0523,A1090,A1055,454.16,2026-09-07T06:00:00
T0500,A1188,A1035,1075.34,2026-09-07T09:37:00
T0185,A1042,A1112,130.13,2026-09-07T10:37:00
T0521,A1067,A1063,98.09,2026-09-07T11:45:00
T0561,A1138,A1045,239.77,2026-09-07T12:01:00
T0051,A1011,A1102,143.37,2026-09-07T23:58:00
T0093,A1099,A1173,498.14,2026-09-08T02:39:00
T0391,A1030,A1100,80.74,2026-09-08T06:01:00
T0517,A1113,A1096,288.31,2026-09-08T06:43:00
T0298,A1106,A1038,41.61,2026-09-08T08:42:00
T0588,A1127,A1023,291.53,2026-09-08T11:17:00
T0635,A1102,A1128,124.09,2026-09-08T16:41:00
T0202,A1039,A1137,87.73,2026-09-08T19:17:00
T0529,A1126,A1147,623.52,2026-09-08T21:33:00
T0338,A1070,A1053,308.56,2026-09-08T22:02:00
T0013,A1122,A1166,75.68,2026-09-09T07:18:00
T0661,A1035,A1079,617.55,2026-09-09T10:11:00
T0196,A1093,A1139,675.64,2026-09-09T10:53:00
T0430,A1185,A1072,33.29,2026-09-09T11:10:00
T0265,A1045,A1186,415.79,2026-09-09T11:54:00
T0052,A1198,A1014,245.18,2026-09-09T15:38:00
T0096,A1154,A1196,291.78,2026-09-09T17:51:00
T0421,A1010,A1039,1115.48,2026-09-09T18:05:00
T0680,A1048,A1074,73.4,2026-09-09T18:07:00
T0488,A1033,A1154,192.57,2026-09-09T20:43:00
T0532,A1008,A1128,27.56,2026-09-09T22:59:00
T0683,A1115,A1023,276.9,2026-09-10T05:09:00
T0232,A1069,A1059,72.08,2026-09-10T07:47:00
T0310,A1014,A1131,328.84,2026-09-10T09:03:00
T0497,A1174,A1101,379.33,2026-09-10T16:12:00
T0088,A1043,A1021,179.92,2026-09-10T17:29:00
T0542,A1127,A1034,199.81,2026-09-10T19:35:00
T0407,A1013,A1171,63.77,2026-09-10T20:01:00
T0576,A1002,A1059,77.95,2026-09-10T20:26:00
T0115,A1162,A1125,118.86,2026-09-10T20:45:00
T0501,A1058,A1114,44.62,2026-09-10T21:13:00
T0424,A1134,A1056,923.62,2026-09-10T21:36:00
T0296,A1070,A1133,102.07,2026-09-10T22:14:00
T0273,A1089,A1139,51.62,2026-09-11T03:00:00
T0422,A1160,A1157,417.92,2026-09-11T05:34:00
T0382,A1009,A1142,292.01,2026-09-11T09:40:00
T0472,A1103,A1090,413.18,2026-09-11T11:35:00
T0221,A1062,A1118,433.74,2026-09-11T18:49:00
T0139,A1109,A1099,49.87,2026-09-11T18:54:00
T0126,A1173,A1165,89.72,2026-09-11T19:23:00
T0713,A1049,A1000,52.93,2026-09-11T20:29:00
T0567,A1193,A1122,41.46,2026-09-11T23:10:00
T0230,A1033,A1060,16.38,2026-09-12T05:24:00
T0490,A1011,A1178,192.35,2026-09-12T08:39:00
T0539,A1175,A1058,1240.9,2026-09-12T12:33:00
T0217,A1128,A1172,417.04,2026-09-12T13:06:00
T0694,A1030,A1033,178.54,2026-09-12T19:54:00
T0266,A1145,A1008,80.88,2026-09-12T22:51:00
T0242,A1005,A1016,41.61,2026-09-12T23:56:00
T0346,A1034,A1087,300.89,2026-09-13T05:51:00
T0162,A1109,A1042,454.46,2026-09-13T09:10:00
T0143,A1089,A1090,847.31,2026-09-13T09:38:00
T0253,A1135,A1091,259.78,2026-09-13T15:12:00
T0159,A1076,A1008,157.68,2026-09-13T16:10:00
T0640,A1089,A1157,262.6,2026-09-13T19:19:00
T0289,A1138,A1105,320.72,2026-09-13T19:50:00
T0704,A1196,A1076,9.27,2026-09-13T23:53:00
T0437,A1009,A1022,113.87,2026-09-14T02:51:00
T0442,A1072,A1195,587.75,2026-09-14T03:57:00
T0156,A1028,A1146,432.21,2026-09-14T05:01:00
T0112,A1097,A1084,150.33,2026-09-14T07:02:00
T0308,A1154,A1165,50.95,2026-09-14T07:59:00
T0674,A1109,A1103,602.78,2026-09-14T08:46:00
T0029,A1095,A1106,1673.48,2026-09-14T11:33:00
T0387,A1194,A1168,87.2,2026-09-14T20:54:00
T0354,A1069,A1159,222.07,2026-09-14T22:35:00
T0118,A1118,A1181,15.35,2026-09-14T23:57:00
T0520,A1105,A1090,185.22,2026-09-15T01:55:00
T0608,A1094,A1181,217.09,2026-09-15T06:53:00
T0602,A1028,A1024,187.84,2026-09-15T08:30:00
T0287,A1097,A1094,156.43,2026-09-15T12:37:00
T0077,A1138,A1164,935.11,2026-09-15T16:58:00
T0284,A1043,A1163,121.99,2026-09-16T03:14:00
T0218,A1132,A1011,165.59,2026-09-16T05:35:00
T0254,A1188,A1014,9.38,2026-09-16T06:24:00
T0419,A1071,A1142,111.16,2026-09-16T08:08:00
T0668,A1020,A1176,313.36,2026-09-16T08:25:00
T0172,A1198,A1187,386.5,2026-09-16T17:05:00
T0366,A1102,A1116,95.18,2026-09-16T18:19:00
T0669,A1154,A1120,321.81,2026-09-16T21:30:00
T0174,A1072,A1086,197.61,2026-09-16T22:08:00
T0699,A1037,A1014,236.5,2026-09-17T01:13:00
T0537,A1053,A1107,311.54,2026-09-17T02:18:00
T0033,A1051,A1146,194.07,2026-09-17T02:39:00
T0527,A1173,A1169,177.73,2026-09-17T08:20:00
T0462,A1100,A1057,924.47,2026-09-17T08:30:00
T0484,A1098,A1033,77.56,2026-09-17T13:48:00
T0149,A1047,A1080,840.9,2026-09-18T02:45:00
T0166,A1024,A1034,370.24,2026-09-18T03:58:00
T0721,A1007,A1022,11998,2026-09-18T13:05:00
T0722,A1022,A1048,11916,2026-09-18T13:07:00
T0723,A1048,A1007,11800,2026-09-18T13:09:00
T0724,A1007,A1022,10991,2026-09-18T13:16:00
T0725,A1022,A1048,10856,2026-09-18T13:18:00
T0726,A1048,A1007,10897,2026-09-18T13:20:00
T0727,A1007,A1022,11868,2026-09-18T13:27:00
T0728,A1022,A1048,11756,2026-09-18T13:29:00
T0729,A1048,A1007,11604,2026-09-18T13:31:00
T0730,A1007,A1022,10184,2026-09-18T13:38:00
T0731,A1022,A1048,10076,2026-09-18T13:40:00
T0732,A1048,A1007,10100,2026-09-18T13:42:00
T0733,A1007,A1022,9306,2026-09-18T13:49:00
T0734,A1022,A1048,9179,2026-09-18T13:51:00
T0735,A1048,A1007,9142,2026-09-18T13:53:00
T0736,A1007,A1022,10496,2026-09-18T14:00:00
T0737,A1022,A1048,10437,2026-09-18T14:02:00
T0738,A1048,A1007,10346,2026-09-18T14:04:00
T0739,A1007,A1022,7855,2026-09-18T14:11:00
T0740,A1022,A1048,7767,2026-09-18T14:13:00
T0741,A1048,A1007,7615,2026-09-18T14:15:00
T0742,A1007,A1022,11976,2026-09-18T14:22:00
T0743,A1022,A1048,11915,2026-09-18T14:24:00
T0744,A1048,A1007,11750,2026-09-18T14:26:00
T0016,A1101,A1126,21.09,2026-09-18T17:32:00
T0030,A1055,A1195,30.77,2026-09-18T19:23:00
T0208,A1066,A1042,74.78,2026-09-18T20:06:00
T0489,A1173,A1166,146.95,2026-09-18T23:04:00
T0349,A1093,A1182,235.39,2026-09-19T02:50:00
T0175,A1124,A1087,12.02,2026-09-19T02:57:00
T0405,A1172,A1191,767.11,2026-09-19T04:52:00
T0486,A1045,A1121,1006.85,2026-09-19T05:28:00
T0677,A1009,A1133,52.4,2026-09-19T05:30:00
T0745,A1074,A1121,10791,2026-09-19T13:05:00
T0746,A1121,A1148,10675,2026-09-19T13:07:00
T0747,A1148,A1074,10683,2026-09-19T13:09:00
T0748,A1074,A1121,10125,2026-09-19T13:16:00
T0749,A1121,A1148,9976,2026-09-19T13:18:00
T0750,A1148,A1074,9965,2026-09-19T13:20:00
T0751,A1074,A1121,7859,2026-09-19T13:27:00
T0752,A1121,A1148,7767,2026-09-19T13:29:00
T0753,A1148,A1074,7757,2026-09-19T13:31:00
T0754,A1074,A1121,11671,2026-09-19T13:38:00
T0755,A1121,A1148,11601,2026-09-19T13:40:00
T0756,A1148,A1074,11497,2026-09-19T13:42:00
T0757,A1074,A1121,11302,2026-09-19T13:49:00
T0758,A1121,A1148,11224,2026-09-19T13:51:00
T0759,A1148,A1074,11168,2026-09-19T13:53:00
T0760,A1074,A1121,11901,2026-09-19T14:00:00
T0761,A1121,A1148,11839,2026-09-19T14:02:00
T0762,A1148,A1074,11793,2026-09-19T14:04:00
T0763,A1074,A1121,10665,2026-09-19T14:11:00
T0764,A1121,A1148,10621,2026-09-19T14:13:00
T0765,A1148,A1074,10387,2026-09-19T14:15:00
T0766,A1074,A1121,9255,2026-09-19T14:22:00
T0767,A1121,A1148,9204,2026-09-19T14:24:00
T0768,A1148,A1074,9063,2026-09-19T14:26:00
T0769,A1129,A1175,5167,2026-09-20T09:00:00
T0770,A1006,A1175,3914,2026-09-20T09:09:00
T0771,A1123,A1175,4571,2026-09-20T09:18:00
T0772,A1128,A1175,2343,2026-09-20T09:27:00
T0773,A1039,A1175,2640,2026-09-20T09:36:00
T0774,A1048,A1175,4767,2026-09-20T09:45:00
T0775,A1087,A1175,1949,2026-09-20T09:54:00
T0776,A1175,A1188,3622,2026-09-20T10:03:00
T0777,A1175,A1134,4647,2026-09-20T10:12:00
T0778,A1175,A1079,2264,2026-09-20T10:21:00
T0779,A1175,A1083,3058,2026-09-20T10:30:00
T0780,A1175,A1036,4528,2026-09-20T10:39:00
T0781,A1175,A1197,2104,2026-09-20T10:48:00
T0782,A1175,A1025,3697,2026-09-20T10:57:00
T0783,A1026,A1030,2973,2026-09-21T09:00:00
T0784,A1134,A1030,2933,2026-09-21T09:09:00
T0785,A1197,A1030,3980,2026-09-21T09:18:00
T0786,A1169,A1030,3107,2026-09-21T09:27:00
T0787,A1191,A1030,4965,2026-09-21T09:36:00
T0788,A1080,A1030,3606,2026-09-21T09:45:00
T0789,A1005,A1030,4548,2026-09-21T09:54:00
T0790,A1030,A1148,2237,2026-09-21T10:03:00
T0791,A1030,A1195,2381,2026-09-21T10:12:00
T0792,A1030,A1164,2896,2026-09-21T10:21:00
T0793,A1030,A1054,1773,2026-09-21T10:30:00
T0794,A1030,A1083,4017,2026-09-21T10:39:00
T0795,A1030,A1052,2183,2026-09-21T10:48:00
T0796,A1030,A1050,3968,2026-09-21T10:57:00
